Platform, cli, lgdt, prot, in 32, id map, long, in 64
Hyper-V,  378,243324,16110, 752,1000398,1980,1856
Hyper-V,  332, 792,10736, 550,35848,1826,1844
Hyper-V,  304, 828,9748, 522,34658,1820,1840
Hyper-V,  334, 872,9798, 562,34470,1826,1872
Hyper-V,  332,1000,9820, 558,34240,1984,1862
Hyper-V,  304, 936,9730, 522,34164,1836,1854
Hyper-V,  302,1066,9734, 530,34146,1818,1862
Hyper-V,  334, 810,9954, 558,34136,1828,1864
Hyper-V,  332, 954,9784, 576,34056,1818,1862
Hyper-V,  304, 874,9716, 526,34084,1822,1866
Hyper-V,  332, 972,9756, 550,34164,1836,1854
Hyper-V,  330,1012,9728, 558,34146,1836,1846
Hyper-V,  336, 982,9810, 550,34118,1826,1846
Hyper-V,  334,1034,9882, 566,34120,1818,1862
Hyper-V,  334, 962,9766, 556,34130,1818,1862
Hyper-V,  304, 834,9752, 530,34070,1822,1864
Hyper-V,  334, 944,9802, 558,34174,1826,1862
Hyper-V,  334, 784,9808, 550,34164,1818,1872
Hyper-V,  304,1062,9846, 522,34130,1834,1860
Hyper-V,  304, 956,9728, 530,34066,1828,1872
Hyper-V,  302, 872,9674, 522,34166,1826,1872
Hyper-V,  298, 882,9702, 522,34074,1818,1862
Hyper-V,  332, 990,9794, 558,34154,1836,1862
Hyper-V,  332, 910,9752, 562,34182,1818,1854
Hyper-V,  302, 916,9730, 540,38944,1818,1862
Hyper-V,  306, 900,9810, 530,34218,1828,1872
Hyper-V,  332, 932,9778, 550,34054,1842,1858
Hyper-V,  338, 792,9796, 558,34174,1834,1864
Hyper-V,  334, 918,9784, 558,34074,1826,1854
Hyper-V,  334,1116,10060, 560,34056,1818,1854
Hyper-V,  298, 890,9720, 522,34034,1822,1844
Hyper-V,  332, 946,9782, 550,34172,1836,1856
Hyper-V,  336, 920,9800, 550,34114,1830,1842
Hyper-V,  298, 882,9738, 522,34092,2350,1858
Hyper-V,  298, 878,9724, 522,34146,1818,1854
Hyper-V,  302, 878,9674, 530,34074,1820,1862
Hyper-V,  298, 900,9764, 522,34134,1814,1870
Hyper-V,  300, 996,9750, 524,34064,1826,1860
Hyper-V,  336, 936,9756, 550,34118,1824,1850
Hyper-V,  332, 928,9806, 554,34100,1818,1872
Hyper-V,  332, 924,9958, 558,34124,1822,1850
Hyper-V,  334, 944,9770, 554,34118,1818,1854
Hyper-V,  332, 924,9792, 552,34562,1836,1852
Hyper-V,  300, 910,9990, 536,34078,1826,1864
Hyper-V,  302, 832,9746, 522,34138,1818,1872
Hyper-V,  302,1184,9890, 530,34084,1818,1862
Hyper-V,  340, 852,9792, 552,34152,1814,1880
Hyper-V,  298, 926,10008, 532,34128,1818,1868
Hyper-V,  302, 886,9692, 522,34084,1818,1854
Hyper-V,  332, 882,9782, 558,34112,1822,1858
Hyper-V,  338, 904,9784, 556,34092,1824,1858
Hyper-V,  304, 888,9706, 522,34124,1822,1854
Hyper-V,  332, 848,9918, 558,34100,1818,1862
Hyper-V,  332, 938,9800, 558,34120,1826,1854
Hyper-V,  304, 900,9708, 526,34192,1818,1854
Hyper-V,  338, 850,9784, 556,34138,1818,1854
Hyper-V,  302, 868,9730, 530,34092,1980,1862
Hyper-V,  298, 892,9700, 524,34082,1818,1862
Hyper-V,  332, 838,9782, 566,34040,1818,1862
Hyper-V,  332, 892,9918, 556,34102,1818,1868
Hyper-V,  334, 846,9800, 558,34120,1818,1864
Hyper-V,  298, 882,9990, 530,34074,1820,1858
Hyper-V,  328, 864,9752, 554,34154,1836,1844
Hyper-V,  306, 856,9718, 524,34074,1822,1858
Hyper-V,  338,1002,9766, 558,34128,1828,1854
Hyper-V,  298, 880,9702, 528,34168,1818,1872
Hyper-V,  334, 872,9774, 554,34070,1826,1854
Hyper-V,  332, 954,9892, 558,34088,1840,1864
Hyper-V,  332, 864,9756, 558,34416,1988,1856
Hyper-V,  334, 950,9904, 558,34092,1818,1868
Hyper-V,  304, 848,9736, 528,34050,1828,1862
Hyper-V,  302, 868,9710, 524,34136,1818,1862
Hyper-V,  334, 926,9774, 554,34078,1818,1854
Hyper-V,  306, 890,9720, 522,34102,2012,1848
Hyper-V,  334, 864,9944, 558,34164,1818,1844
Hyper-V,  334, 850,9778, 558,34120,1818,1862
Hyper-V,  334, 936,9810, 558,34128,1826,1856
Hyper-V,  300, 900,9730, 522,34102,1822,1850
Hyper-V,  332, 828,9828, 554,34394,1822,1872
Hyper-V,  338, 936,9734, 562,34088,1818,1862
Hyper-V,  302, 868,9684, 536,34096,1826,1864
Hyper-V,  332, 946,9764, 558,34146,1820,1854
Hyper-V,  332, 944,9748, 558,34308,1836,1844
Hyper-V,  304, 900,9708, 518,34126,1820,1862
Hyper-V,  330, 950,9810, 558,34114,1830,1842
Hyper-V,  302, 864,9720, 522,34168,1822,1854
Hyper-V,  332, 978,9936, 562,34092,1818,1862
Hyper-V,  336, 920,9774, 556,34094,1818,1870
Hyper-V,  334, 944,9770, 554,34090,1828,1862
Hyper-V,  302, 872,9738, 522,34092,1818,1872
Hyper-V,  334, 944,9812, 558,34128,1826,1854
Hyper-V,  334, 970,9758, 556,34130,1818,1862
Hyper-V,  332, 820,9810, 548,34178,1830,1864
Hyper-V,  334, 842,9760, 558,34082,1824,1858
Hyper-V,  334, 962,10044, 558,34120,1822,1858
Hyper-V,  298, 878,9724, 522,34092,1818,1868
Hyper-V,  298, 900,9698, 526,34106,1822,1864
Hyper-V,  334,1170,9790, 560,34082,1832,1858
Hyper-V,  334, 934,9784, 566,34040,1826,1862
Hyper-V,  298, 880,9720, 522,34076,1818,1880
Hyper-V,  334, 934,9918, 558,34048,1826,1860
Hyper-V,  328, 954,9806, 552,34030,1818,1854
Hyper-V,  332, 838,9756, 558,34082,1824,1840
Hyper-V,  334, 892,9774, 556,34030,1828,1844
Hyper-V,  306, 908,9564, 544,33382,1826,1854
Hyper-V,  304, 866,9720, 530,33956,1836,1854
Hyper-V,  134, 720,4432, 236,15486, 914, 848
Hyper-V,  148, 672,4454, 246,15816, 914, 842
Hyper-V,  148, 728,4464, 250,15562,1082, 852
Hyper-V,  148, 716,4458, 246,15856, 920, 846
Hyper-V,  148, 720,4464, 250,15516, 942, 844
Hyper-V,  148, 670,4462, 250,15576, 986, 850
Hyper-V,  148, 748,4664, 250,15572, 944, 850
Hyper-V,  148, 710,4480, 248,15508, 910, 840
Hyper-V,  134, 706,4438, 232,15542, 924, 846
Hyper-V,  148, 768,4464, 246,15536, 920, 846
Hyper-V,  148, 706,4460, 250,15502, 990, 842
Hyper-V,  148, 708,4452, 248,15540, 960, 844
Hyper-V,  134, 750,4438, 234,15498, 904, 852
Hyper-V,  148, 690,4486, 248,15520, 924, 848
Hyper-V,  148, 724,4662, 248,15588,1394, 850
Hyper-V,  146, 722,4464, 250,15544, 938, 852
Hyper-V,  148, 758,4470, 246,15540, 944, 850
Hyper-V,  148, 686,4478, 248,15938, 934, 846
Hyper-V,  148, 694,4462, 248,15606, 908, 852
Hyper-V,  148, 738,4444, 252,15560, 944, 852
Hyper-V,  148, 696,4466, 254,15492, 940, 856
Hyper-V,  134, 708,4444, 234,15488, 904, 852
Hyper-V,  148, 750,4468, 250,15522, 914, 846
Hyper-V,  148, 698,4486, 244,15524, 914, 844
Hyper-V,  148, 706,4454, 250,15552, 978, 846
Hyper-V,  134, 728,4448, 234,15538, 912, 846
Hyper-V,  148, 666,4486, 248,15528, 914, 840
Hyper-V,  134, 700,4428, 234,15508, 924, 852
Hyper-V,  148, 670,4478, 248,15506, 920, 848
Hyper-V,  148, 726,4470, 258,15512, 908, 842
Hyper-V,  148, 716,4454, 248,15510, 904, 844
Hyper-V,  134, 688,4422, 234,15526, 910, 848
Hyper-V,  134, 728,4426, 234,15490, 940, 852
Hyper-V,  148, 740,4452, 252,15528, 948, 846
Hyper-V,  134, 714,4424, 238,15506, 916, 842
Hyper-V,  148, 668,4470, 252,15492, 914, 850
Hyper-V,  148, 704,4448, 250,15462, 908, 850
Hyper-V,  148, 670,4438, 248,15470, 900, 852
Hyper-V,  148, 714,4462, 252,15534, 912, 848
Hyper-V,  148, 758,4464, 246,15488, 914, 852
Hyper-V,  134, 722,4430, 238,15488,1364, 848
Hyper-V,  148, 684,4476, 252,15510,1374, 850
Hyper-V,  134, 686,4428, 236,15474, 910, 852
Hyper-V,  148, 730,4466, 246,15664, 932, 848
Hyper-V,  148, 736,4478, 250,15862, 922, 852
Hyper-V,  148, 714,4464, 246,15572, 914, 842
Hyper-V,  148, 740,4470, 252,15534,1138, 846
Hyper-V,  148, 670,4464, 248,15556, 910, 844
Hyper-V,  148, 662,4472, 246,15600, 908, 856
Hyper-V,  148, 714,4458, 250,15468, 908, 848
Hyper-V,  148, 720,4524, 248,15608, 916, 848
Hyper-V,  148, 714,4440, 250,15510, 922, 850
Hyper-V,  148, 758,4440, 252,15554, 912, 850
Hyper-V,  148, 746,4460, 248,15570, 904, 844
Hyper-V,  148, 684,4444, 246,15466, 930, 858
Hyper-V,  148, 730,4454, 250,15538, 914, 846
Hyper-V,  148, 700,4450, 250,15544, 944, 842
Hyper-V,  148, 680,4466, 248,15504, 948, 848
Hyper-V,  148, 710,4472, 248,15544, 920, 846
Hyper-V,  134, 736,4448, 236,15496, 934, 850
Hyper-V,  148, 692,4542, 250,15508, 922, 852
Hyper-V,  148, 686,4460, 250,15606, 910, 844
Hyper-V,  148, 686,4458, 250,15592, 988, 848
Hyper-V,  148, 716,4480, 252,15562, 910, 848
Hyper-V,  150, 688,4470, 246,15518, 910, 848
Hyper-V,  148, 680,4498, 250,15552, 944, 850
Hyper-V,  134, 708,4424, 234,15494, 914, 846
Hyper-V,  148, 700,4476, 248,15504, 922, 848
Hyper-V,  148, 754,4468, 250,15512, 928, 850
Hyper-V,  148, 660,4474, 246,15514,1404, 842
Hyper-V,  148, 724,4466, 246,15508, 914, 852
Hyper-V,  148, 744,4460, 248,15564, 920, 848
Hyper-V,  148, 746,4470, 250,15500, 934, 848
Hyper-V,  148, 736,4520, 250,15500, 906, 844
Hyper-V,  148, 718,4448, 250,15550, 908, 842
Hyper-V,  134, 688,4424, 234,15588, 936, 848
Hyper-V,  148, 742,4464, 248,15724, 924, 852
Hyper-V,  148, 674,4476, 250,15500, 930, 854
Hyper-V,  148, 672,4476, 248,15512, 938, 846
Hyper-V,  134, 648,4458, 236,18520, 836, 848
Hyper-V,  148, 642,4504, 246,15484,1094, 846
Hyper-V,  148, 818,4458, 246,15494, 930, 848
Hyper-V,  148,1228,4470, 246,15502, 910, 856
Hyper-V,  148, 712,4462, 248,15580, 956, 848
Hyper-V,  148, 830,4434, 248,15656, 914, 844
Hyper-V,  148, 804,4462, 248,15502, 910, 852
Hyper-V,  134, 720,4484, 234,15492, 934, 846
Hyper-V,  134, 716,4448, 234,15686, 934, 850
Hyper-V,  146, 660,4572, 250,16054, 938, 846
Hyper-V,  148, 682,4500, 246,15714, 908, 852
Hyper-V,  148, 730,4524, 248,15906, 918, 848
Hyper-V,  148, 710,4532, 248,15772, 928, 852
Hyper-V,  148, 680,4530, 248,15708, 928, 856
Hyper-V,  148, 716,4504, 248,16050,1018, 854
Hyper-V,  148, 920,4520, 246,15606, 910, 842
Hyper-V,  148, 658,4494, 248,15602, 902, 850
Hyper-V,  148, 726,4508, 252,15698, 918, 854
Hyper-V,  148,1130,4500, 248,16132, 928, 846
Hyper-V,  148, 738,4500, 248,15606,1056, 844
Hyper-V,  148, 666,4490, 250,15706, 934, 848
Hyper-V,  148, 846,4502, 246,15604,1424, 852
Hyper-V,  148, 716,4524, 248,15610, 934, 848
Hyper-V,  148, 736,4536, 254,15580, 830, 856
Hyper-V,  148, 784,4516, 248,15622,1148, 854
Hyper-V,  148, 682,4500, 248,15596, 910, 854
Hyper-V,  148, 794,4504, 252,15598,1360, 846
Hyper-V,  148, 720,4498, 246,15584, 914, 850
Hyper-V,  148, 676,4498, 246,15602, 906, 854
Hyper-V,  148, 686,4490, 246,15598, 914, 854
Hyper-V,  148, 670,4494, 246,15612, 918, 860
Hyper-V,  148, 714,4508, 252,15626,1384, 854
Hyper-V,  148, 696,4504, 246,15570, 930, 850
Hyper-V,  148, 722,4484, 248,15604, 938, 856
Hyper-V,  148, 644,4516, 248,15584,1354, 846
Hyper-V,  148, 736,4856, 250,15594, 934, 848
Hyper-V,  148,1042,4510, 246,15654, 914, 852
Hyper-V,  148, 692,4496, 248,15562,1374, 850
Hyper-V,  148, 948,4492, 246,15598, 928, 848
Hyper-V,  148, 630,4494, 248,15622,1406, 848
Hyper-V,  148, 750,4498, 246,15566, 914, 850
Hyper-V,  148, 670,4504, 248,15608,1376, 860
Hyper-V,  148, 656,4498, 250,15588, 928, 848
Hyper-V,  148, 736,4498, 250,15602,1062, 854
Hyper-V,  148, 716,4500, 246,15614,1366, 848
Hyper-V,  148, 708,4492, 252,15632, 918, 846
Hyper-V,  148, 712,4500, 246,15648, 908, 852
Hyper-V,  148, 696,4494, 248,15620, 956, 850
Hyper-V,  148, 682,4482, 248,15586, 930, 846
Hyper-V,  148, 684,4504, 250,15668, 840, 848
Hyper-V,  148, 688,4502, 252,15620, 974, 848
Hyper-V,  134, 664,4456, 232,15612, 908, 848
Hyper-V,  148, 680,4504, 252,15620, 912, 846
Hyper-V,  148, 782,4484, 250,15674, 904, 848
Hyper-V,  148, 678,4504, 250,15616,1368, 848
Hyper-V,  148, 690,4480, 252,15600, 928, 854
Hyper-V,  148, 714,4504, 250,15612, 914, 860
Hyper-V,  148, 668,4494, 246,15564, 916, 856
Hyper-V,  148, 668,4508, 248,15622, 910, 850
Hyper-V,  148, 656,4496, 248,15662, 928, 850
Hyper-V,  148, 672,4522, 252,15592, 952, 850
Hyper-V,  148, 722,4514, 250,15596, 928, 856
Hyper-V,  148, 694,4488, 246,15624, 912, 848
Hyper-V,  148, 722,4492, 252,15616, 940, 850
Hyper-V,  148, 698,4520, 246,15926, 918, 860
Hyper-V,  148, 704,4518, 250,15586, 948, 850
Hyper-V,  148, 692,4506, 250,15586, 910, 844
Hyper-V,  148, 682,4502, 246,15608,1382, 850
Hyper-V,  148, 698,4518, 250,15592, 914, 860
Hyper-V,  148, 744,4494, 248,15594, 984, 850
Hyper-V,  148, 712,4516, 248,15622,1800, 858
Hyper-V,  148, 674,4512, 248,15610, 960, 850
Hyper-V,  148, 666,4474, 248,15636, 942, 854
Hyper-V,  148, 642,4472, 250,15544, 900, 848
Hyper-V,  148, 692,4498, 252,15610, 908, 848
Hyper-V,  148, 678,4488, 246,15596, 912, 852
Hyper-V,  148, 714,4490, 246,15900, 910, 848
Hyper-V,  148, 680,4492, 246,15594, 906, 848
Hyper-V,  148, 702,4504, 248,15580, 924, 854
Hyper-V,  148, 722,4498, 246,15590, 944, 850
Hyper-V,  148, 742,4524, 252,15570,1018, 850
Hyper-V,  148, 692,4498, 246,15584, 994, 850
Hyper-V,  136, 648,4562, 236,15578, 834, 844
Hyper-V,  134, 656,4504, 232,15440, 832, 856
Hyper-V,  148, 676,4498, 248,15622, 832, 854
Hyper-V,  148, 704,4842, 246,15672, 980, 854
Hyper-V,  148, 660,4496, 252,15598, 928, 844
Hyper-V,  148, 704,4506, 248,15650, 908, 854
Hyper-V,  146, 668,4502, 250,15610, 902, 844
Hyper-V,  148, 712,4518, 248,15620, 934, 850
Hyper-V,  148, 642,4496, 246,15560, 930, 848
Hyper-V,  148, 748,4502, 248,15608, 910, 856
Hyper-V,  148, 702,4496, 248,15614,1066, 858
Hyper-V,  148, 910,4524, 248,15600, 940, 848
Hyper-V,  146, 660,4502, 250,15688, 930, 852
Hyper-V,  148, 684,4510, 254,15646, 934, 854
Hyper-V,  148, 712,4506, 248,15586, 906, 848
Hyper-V,  148, 672,4512, 250,16118,1022, 860
Hyper-V,  148, 688,4504, 248,15598, 934, 850
Hyper-V,  148, 704,4510, 246,15574, 946, 848
Hyper-V,  148, 726,4490, 248,15644,1030, 850
Hyper-V,  148,1108,4494, 246,15598, 906, 850
Hyper-V,  148, 732,4528, 248,15688,1068, 850
Hyper-V,  148, 728,4524, 248,15716, 928, 852
Hyper-V,  148, 724,4500, 244,15614, 920, 856
Hyper-V,  148, 674,4494, 248,15578, 924, 850
Hyper-V,  148, 668,4496, 250,15614, 942, 854
Hyper-V,  148, 758,4868, 250,15736,1098, 852
Hyper-V,  148, 706,4518, 252,15636,1062, 858
Hyper-V,  148, 692,4482, 246,15644, 916, 854
Hyper-V,  148, 784,4504, 256,15660,1008, 848
Hyper-V,  134, 818,4480, 232,15596,1380, 858
Hyper-V,  148, 704,4500, 252,15590,1020, 848
Hyper-V,  148, 682,4530, 250,15950,1024, 842
Hyper-V,  148, 716,4510, 252,15608, 974, 848
Hyper-V,  148, 692,4496, 250,15624, 928, 846
Hyper-V,  148, 764,4502, 246,15684, 904, 850
Hyper-V,  148, 732,4510, 248,15980,1394, 852
Hyper-V,  148, 706,4506, 246,15608, 984, 852
Hyper-V,  148, 686,4516, 256,15686, 998, 850
Hyper-V,  148, 708,4502, 252,15644,1012, 846
Hyper-V,  148, 722,4504, 250,15720, 974, 844
Hyper-V,  148, 678,4498, 244,15736, 944, 850
Hyper-V,  148, 660,4500, 250,15722,1014, 848
Hyper-V,  148, 986,4496, 248,15604, 964, 850
Hyper-V,  148, 696,4494, 250,15630, 908, 852
Hyper-V,  148, 704,4490, 250,15638, 938, 844
Hyper-V,  148, 692,4500, 248,15760, 954, 854
Hyper-V,  148, 684,4506, 252,16006, 960, 856
Hyper-V,  148,1236,4500, 246,15678, 904, 846
Hyper-V,  148, 692,4490, 252,16026, 904, 850
Hyper-V,  148, 742,4500, 248,15710,1130, 846
Hyper-V,  148, 722,4522, 248,15608, 954, 846
Hyper-V,  148, 730,4502, 250,15932, 918, 842
Hyper-V,  148, 654,4490, 250,16036, 928, 848
Hyper-V,  148, 648,4476, 252,15666, 986, 850
Hyper-V,  146, 704,4510, 248,15686, 964, 844
Hyper-V,  148, 664,4502, 250,15720, 924, 860
Hyper-V,  148, 656,4494, 248,15650, 928, 850
Hyper-V,  148, 682,4504, 246,15692, 914, 854
Hyper-V,  148, 732,4506, 252,15728,1380, 852
Hyper-V,  148, 616,4502, 252,15590,1384, 842
Hyper-V,  148, 662,4508, 248,15646, 918, 856
Hyper-V,  148, 638,4476, 250,15678, 902, 852
Hyper-V,  148, 712,4516, 254,15736, 926, 846
Hyper-V,  148, 668,4500, 246,15598, 964, 842
Hyper-V,  148, 744,4508, 248,15720,1178, 846
Hyper-V,  148, 678,4516, 250,15612, 904, 846
Hyper-V,  148, 678,4504, 246,15708, 918, 858
Hyper-V,  148, 674,4504, 246,15724, 936, 848
Hyper-V,  148, 694,4508, 246,15686, 902, 850
Hyper-V,  148, 780,4502, 252,15730,1214, 844
Hyper-V,  148, 700,4670, 246,15742, 898, 854
Hyper-V,  148, 662,4496, 246,15734, 910, 852
Hyper-V,  148, 754,4512, 248,15828,1400, 856
Hyper-V,  148, 742,4504, 246,15704,1024, 840
Hyper-V,  148, 766,4726, 246,15718,1092, 854
Hyper-V,  148, 672,4498, 254,15602,1020, 848
Hyper-V,  148, 650,4508, 250,15698, 962, 844
Hyper-V,  148, 648,4494, 250,15960, 904, 848
Hyper-V,  148, 670,4508, 246,15590, 830, 854
Hyper-V,  148, 622,4514, 250,15604, 972, 852
Hyper-V,  148, 666,4500, 248,15666,1410, 850
Hyper-V,  148, 728,4516, 250,15756,1028, 856
Hyper-V,  148, 654,4638, 248,15614,1404, 842
Hyper-V,  148, 718,4512, 252,15668,1028, 852
Hyper-V,  148, 732,4508, 248,15724, 918, 842
Hyper-V,  148, 720,4504, 254,15602,1050, 852
Hyper-V,  148, 712,4510, 256,15748,1044, 848
Hyper-V,  148, 710,4488, 246,15748, 940, 854
Hyper-V,  148, 690,4496, 254,15748, 988, 852
Hyper-V,  148, 662,4494, 250,15598,1022, 846
Hyper-V,  148, 666,4492, 252,15932,1374, 844
Hyper-V,  134, 644,4504, 234,15616, 834, 848
Hyper-V,  148, 686,4506, 252,16062,1066, 852
Hyper-V,  148, 658,4510, 246,15582, 920, 848
Hyper-V,  148, 750,4496, 250,15742, 922, 854
Hyper-V,  148, 668,4518, 246,15688, 904, 854
Hyper-V,  148, 634,4684, 248,15688,1394, 852
Hyper-V,  148, 688,4516, 246,15702, 930, 850
Hyper-V,  148, 682,4502, 248,15718,1094, 848
Hyper-V,  148, 766,4502, 246,15754, 922, 852
Hyper-V,  148, 838,4502, 246,15698,1434, 844
Hyper-V,  148, 720,4502, 254,15798, 912, 842
Hyper-V,  148, 662,4510, 252,15686,1344, 858
Hyper-V,  148, 694,4496, 254,15754, 910, 856
Hyper-V,  148, 794,4504, 254,15794, 922, 854
Hyper-V,  148, 616,4484, 246,15676, 940, 856
Hyper-V,  148, 624,4510, 246,15666, 912, 844
Hyper-V,  148, 776,4670, 252,15946, 924, 848
Hyper-V,  148, 720,4560, 252,15716, 910, 842
Hyper-V,  148, 670,4494, 246,15716,1364, 862
Hyper-V,  148, 682,4506, 252,16350, 934, 848
Hyper-V,  146, 684,4508, 252,15684, 902, 850
Hyper-V,  148, 628,4506, 244,15662, 934, 848
Hyper-V,  148, 676,4500, 254,15752, 918, 844
Hyper-V,  148, 678,4586, 246,15718, 834, 848
Hyper-V,  148, 718,4506, 250,15956,1410, 848
Hyper-V,  148, 624,4494, 246,15642,1390, 850
Hyper-V,  148, 650,4500, 248,15600,1006, 848
Hyper-V,  148, 694,4506, 252,15628,1350, 848
Hyper-V,  148, 650,4490, 246,15818, 922, 854
Hyper-V,  148, 800,4500, 246,15696, 924, 848
Hyper-V,  148, 720,4502, 246,15664, 918, 848
Hyper-V,  148, 686,4510, 246,15640,1358, 854
Hyper-V,  148, 704,4718, 246,16102, 902, 862
Hyper-V,  148, 734,4506, 246,15602,1498, 852
Hyper-V,  148, 768,4520, 252,15586, 998, 850
Hyper-V,  148, 670,4606, 248,15690,1404, 848
Hyper-V,  148, 710,4498, 246,15616, 954, 858
Hyper-V,  148, 632,4510, 248,15640,1360, 852
Hyper-V,  148, 690,4506, 252,15700, 954, 858
Hyper-V,  148, 800,4498, 246,15616,1360, 854
Hyper-V,  148, 716,4504, 246,15670, 960, 844
Hyper-V,  148, 706,4504, 246,15606, 934, 850
Hyper-V,  148, 724,4504, 246,15590, 908, 854
Hyper-V,  148, 674,4494, 250,15604, 910, 854
Hyper-V,  148, 944,4504, 250,15600, 910, 856
Hyper-V,  148, 696,4510, 248,15742,1458, 854
Hyper-V,  148, 724,4510, 248,15718, 908, 850
Hyper-V,  148, 702,4508, 246,15644, 932, 852
Hyper-V,  148, 720,4500, 246,15592,1022, 854
Hyper-V,  148, 750,4712, 252,15646, 918, 848
Hyper-V,  148, 712,4490, 246,15602, 914, 848
Hyper-V,  148, 652,4504, 246,15584, 900, 852
Hyper-V,  148, 722,4854, 246,15632, 946, 844
Hyper-V,  148, 690,4492, 248,15570, 934, 846
Hyper-V,  148, 696,4496, 246,15574, 908, 856
Hyper-V,  148, 648,4712, 250,15598, 930, 852
Hyper-V,  148, 656,4504, 248,15688,1090, 844
Hyper-V,  148, 640,4502, 246,15634, 978, 850
Hyper-V,  148, 692,4518, 248,15660, 904, 844
Hyper-V,  148, 706,4502, 248,15602, 946, 844
Hyper-V,  148, 678,4496, 252,15678, 902, 852
Hyper-V,  148, 648,4516, 252,15718, 914, 856
Hyper-V,  148, 686,4510, 246,15654, 930, 846
Hyper-V,  148, 686,4500, 252,15716, 938, 858
Hyper-V,  148, 678,4502, 248,15646, 978, 844
Hyper-V,  148, 712,4516, 250,15764, 994, 850
Hyper-V,  148, 752,4498, 246,15662, 930, 852
Hyper-V,  148, 688,4502, 252,15724, 930, 852
Hyper-V,  148, 730,4488, 246,15670, 918, 842
Hyper-V,  148, 678,4504, 252,15670, 904, 844
Hyper-V,  148, 752,4516, 254,15852, 900, 850
Hyper-V,  148, 650,4498, 250,15660, 900, 854
Hyper-V,  148, 754,4494, 246,15918, 904, 846
Hyper-V,  148, 676,4500, 252,15690, 938, 854
Hyper-V,  148, 668,4518, 246,15580, 908, 852
Hyper-V,  148, 700,4602, 252,15690, 834, 844
Hyper-V,  148, 672,4492, 246,21132,1014, 856
Hyper-V,  148, 666,4510, 250,15626,1374, 858
Hyper-V,  148, 656,4522, 246,15696,1008, 854
Hyper-V,  148, 742,4500, 252,15596,1376, 842
Hyper-V,  148, 626,4496, 246,15916, 910, 854
Hyper-V,  148, 676,4514, 248,15674, 942, 858
Hyper-V,  148, 654,4532, 246,15692,1002, 858
Hyper-V,  148, 672,4508, 252,15660,1362, 854
Hyper-V,  148, 656,4518, 246,15616, 988, 856
Hyper-V,  148, 636,4560, 248,15854,1424, 852
Hyper-V,  148, 650,4494, 252,15698, 920, 852
Hyper-V,  148, 732,4518, 250,15976, 906, 846
Hyper-V,  148, 690,4510, 246,15678, 974, 852
Hyper-V,  148, 654,4500, 252,15762, 994, 846
Hyper-V,  148, 640,4498, 246,15636,1408, 850
Hyper-V,  148, 680,4554, 252,15752, 942, 848
Hyper-V,  148, 662,4532, 248,15530, 830, 852
Hyper-V,  148, 784,4492, 246,15822, 830, 850
Hyper-V,  148, 644,4512, 250,15702,1044, 842
Hyper-V,  148, 694,4508, 250,15616, 940, 844
Hyper-V,  148, 700,4488, 246,15570, 910, 854
Hyper-V,  148, 652,4512, 250,15620, 918, 850
Hyper-V,  148, 652,4508, 246,15698, 964, 842
Hyper-V,  148, 692,4506, 254,15948, 920, 846
Hyper-V,  148, 702,4508, 250,15888, 832, 850
Hyper-V,  148, 660,4480, 244,15590, 908, 850
Hyper-V,  150, 698,4502, 246,16080, 910, 850
Hyper-V,  148, 702,4494, 248,15616, 914, 842
Hyper-V,  146, 708,4502, 254,15604, 904, 850
Hyper-V,  148, 640,4502, 246,15614, 964, 846
Hyper-V,  148, 708,4504, 250,15624, 904, 858
Hyper-V,  148, 692,4496, 248,15630, 916, 848
Hyper-V,  136, 676,4466, 232,15632,1358, 850
Hyper-V,  148, 722,4510, 246,15620,1384, 850
Hyper-V,  148, 696,4492, 250,15614, 968, 850
Hyper-V,  148, 838,4512, 254,15626, 900, 852
Hyper-V,  148, 656,4508, 246,15590,1358, 846
Hyper-V,  148, 676,4522, 250,15586, 994, 848
Hyper-V,  148, 652,4494, 252,15616, 914, 854
Hyper-V,  148, 668,4494, 250,15604,1402, 846
Hyper-V,  148, 658,4494, 250,15604, 928, 872
Hyper-V,  148, 648,4510, 248,15594, 918, 858
Hyper-V,  148, 668,4504, 246,15654, 934, 848
Hyper-V,  148, 702,4504, 248,15606, 974, 850
Hyper-V,  148, 748,4504, 248,15676, 994, 852
Hyper-V,  148, 700,4500, 248,15622, 904, 850
Hyper-V,  148,1130,4496, 248,15592, 934, 854
Hyper-V,  148, 658,4524, 250,15602,1008, 854
Hyper-V,  148, 992,4498, 248,15608, 914, 844
Hyper-V,  148, 682,4490, 252,15658, 906, 850
Hyper-V,  148, 730,4502, 252,15850, 922, 852
Hyper-V,  148, 684,4496, 248,15846, 928, 858
Hyper-V,  148, 672,4496, 250,15820, 900, 850
Hyper-V,  148, 664,4914, 246,15584, 938, 852
Hyper-V,  148, 700,4514, 246,15626, 938, 846
Hyper-V,  148,1096,4508, 246,15622, 902, 848
Hyper-V,  148, 712,4512, 250,15604,1068, 852
Hyper-V,  148, 728,4484, 248,15664,1120, 852
Hyper-V,  134, 514,5876, 232,17300, 832, 856
Hyper-V,  134, 604,4610, 234,16200, 830, 846
Hyper-V,  134, 822,4556, 234,15850, 834, 846
Hyper-V,  148, 708,4488, 248,15756, 834, 852
Hyper-V,  148, 666,4524, 250,15606,1084, 850
Hyper-V,  148, 654,4518, 252,15634, 920, 852
Hyper-V,  148, 728,4506, 248,15642, 898, 856
Hyper-V,  148, 676,4516, 254,15646, 832, 862
Hyper-V,  148, 694,4492, 250,15612,1428, 858
Hyper-V,  148, 688,4488, 246,15616,1380, 848
Hyper-V,  148,1054,4514, 250,15876, 838, 848
Hyper-V,  148, 664,4524, 246,15916,1368, 854
Hyper-V,  148, 652,4490, 252,15662, 910, 852
Hyper-V,  148, 720,4504, 248,15898, 904, 846
Hyper-V,  148, 706,4486, 246,15710, 906, 844
Hyper-V,  148, 698,4486, 250,15626, 908, 858
Hyper-V,  148, 674,4546, 246,15618, 934, 850
Hyper-V,  134, 714,4466, 234,15710, 830, 852
Hyper-V,  148, 624,4476, 244,15600, 998, 852
Hyper-V,  134, 718,4464, 236,15690, 930, 854
Hyper-V,  148, 672,4484, 248,15616, 932, 856
Hyper-V,  146, 726,4494, 252,15598, 934, 850
Hyper-V,  148, 634,4494, 248,15620, 904, 846
Hyper-V,  148, 692,4516, 248,15612, 904, 844
Hyper-V,  134, 664,4468, 236,15642, 830, 854
Hyper-V,  148, 650,4478, 248,15766, 830, 848
Hyper-V,  148,1060,4482, 246,15608, 998, 856
Hyper-V,  148, 718,4502, 256,15690, 914, 858
Hyper-V,  148, 660,4566, 248,15586, 914, 840
Hyper-V,  148, 698,4480, 246,15610,1394, 852
Hyper-V,  148, 676,4486, 248,15588, 930, 846
Hyper-V,  148, 638,4506, 248,15580,1378, 846
Hyper-V,  148, 656,4488, 248,15586, 940, 856
Hyper-V,  148, 678,4488, 246,15580, 934, 850
Hyper-V,  148, 714,4494, 250,15642,1058, 848
Hyper-V,  148, 668,4488, 252,15602, 918, 846
Hyper-V,  148, 720,4476, 246,15618, 910, 852
Hyper-V,  148, 674,4480, 250,15906,1388, 854
Hyper-V,  148, 626,4490, 246,15652, 910, 844
Hyper-V,  148, 656,4498, 246,15638,1380, 852
Hyper-V,  148, 660,4488, 246,15608,1930, 846
Hyper-V,  148, 664,4496, 252,15840, 842, 852
Hyper-V,  146, 702,4540, 248,15646,1364, 850
Hyper-V,  148, 678,4496, 254,15680, 908, 852
Hyper-V,  148, 662,4494, 246,15630, 938, 842
Hyper-V,  148, 750,4500, 248,15626, 916, 852
Hyper-V,  148, 694,4506, 246,15578, 908, 856
Hyper-V,  148, 672,4500, 250,15630, 934, 850
Hyper-V,  148, 698,4512, 248,15768,1376, 850
Hyper-V,  334,1098,34124, 252,15682, 942, 854
Hyper-V,  148, 630,4494, 246,15660, 938, 854
Hyper-V,  148, 758,4486, 254,15692, 924, 850
Hyper-V,  148, 698,4494, 246,15610, 944, 854
Hyper-V,  148, 672,4478, 248,15806, 908, 852
Hyper-V,  148, 700,4478, 246,15616, 908, 846
Hyper-V,  148, 706,4490, 250,15630, 904, 852
Hyper-V,  148, 628,4494, 248,15584,1364, 854
Hyper-V,  148, 704,4496, 248,15634, 918, 844
Hyper-V,  148, 706,4506, 250,15602,1390, 852
Hyper-V,  148, 722,4546, 248,15636, 920, 848
Hyper-V,  148, 660,4536, 246,15698,1362, 850
Hyper-V,  148, 692,4516, 248,15662,1134, 854
Hyper-V,  148, 676,4518, 256,15680, 938, 852
Hyper-V,  148, 752,4492, 246,15602, 938, 854
Hyper-V,  148, 698,4494, 250,15708,1368, 852
Hyper-V,  148, 692,4524, 248,15568, 982, 844
Hyper-V,  148, 706,4496, 250,15676,1380, 854
Hyper-V,  148, 668,4500, 246,15776, 934, 850
Hyper-V,  148, 678,4478, 248,15640,1360, 850
Hyper-V,  148, 714,4484, 248,15838, 914, 860
Hyper-V,  148, 702,4486, 254,15594, 974, 852
Hyper-V,  148, 710,4548, 250,15626, 934, 848
Hyper-V,  148, 674,4498, 246,15596, 922, 854
Hyper-V,  148, 694,4502, 250,15636, 914, 848
Hyper-V,  146, 728,4516, 248,15636, 938, 848
Hyper-V,  146, 960,4498, 252,15622, 914, 846
Hyper-V,  148,1150,4508, 248,15600, 934, 850
Hyper-V,  134, 774,4462, 238,15638, 922, 850
Hyper-V,  148, 634,4520, 246,16090,1362, 854
Hyper-V,  146, 730,4494, 246,15624, 900, 848
Hyper-V,  150, 690,4554, 246,15628, 916, 850
Hyper-V,  148, 650,4496, 248,15604, 902, 840
Hyper-V,  148, 688,4500, 248,15646, 946, 846
Hyper-V,  148, 640,4500, 246,16020,1374, 846
Hyper-V,  148, 714,4496, 250,15634, 906, 848
Hyper-V,  148, 718,4580, 248,15664,1392, 854
Hyper-V,  148, 706,4490, 246,15638,1024, 842
Hyper-V,  148, 696,4510, 248,15742,1372, 850
Hyper-V,  148, 736,4514, 246,15750, 932, 844
Hyper-V,  148, 676,4498, 246,15638,1384, 844
Hyper-V,  148, 650,4510, 246,15616, 948, 850
Hyper-V,  148, 730,4508, 248,16032,1392, 856
Hyper-V,  148, 694,4508, 246,15684,1028, 852
Hyper-V,  148, 698,4510, 246,15708, 904, 852
Hyper-V,  148, 748,4492, 246,15704, 908, 844
Hyper-V,  148, 934,4514, 248,15700, 904, 846
Hyper-V,  148, 668,4500, 252,15586, 934, 850
Hyper-V,  148, 652,4510, 250,15602, 908, 850
Hyper-V,  148, 696,4500, 246,15696, 950, 852
Hyper-V,  148, 692,4494, 248,15664,1380, 842
Hyper-V,  148, 678,4482, 248,15650, 900, 854
Hyper-V,  148, 730,4500, 252,15720, 928, 848
Hyper-V,  148, 668,4508, 248,15686, 918, 856
Hyper-V,  148, 694,4744, 252,15716, 922, 854
Hyper-V,  148, 652,4488, 246,15706, 984, 844
Hyper-V,  148, 656,4486, 248,15716, 920, 850
Hyper-V,  148, 650,4492, 248,15884,1372, 844
Hyper-V,  148, 670,4484, 248,15682, 920, 848
Hyper-V,  148, 644,4490, 256,15918,1354, 848
Hyper-V,  148,1126,4512, 248,15702, 836, 850
Hyper-V,  148, 618,4522, 250,15744, 906, 858
Hyper-V,  148, 694,4470, 248,15668,1356, 848
Hyper-V,  148, 688,4492, 246,15694,1028, 848
Hyper-V,  148, 664,4504, 254,15690,1388, 856
Hyper-V,  148, 724,4552, 248,15634, 964, 850
Hyper-V,  148, 730,4554, 248,15622, 834, 848
Hyper-V,  148, 668,4502, 246,15662, 928, 854
Hyper-V,  148, 662,4492, 254,15670, 940, 856
Hyper-V,  148, 678,4512, 248,15624, 936, 848
Hyper-V,  148, 918,4492, 246,15610, 910, 852
Hyper-V,  148, 702,4562, 248,15616, 908, 842
Hyper-V,  148, 644,4478, 246,15608, 890, 850
Hyper-V,  148, 708,4488, 246,15604, 934, 854
Hyper-V,  148, 712,4498, 248,15604, 900, 848
Hyper-V,  148, 708,4480, 248,15656, 912, 852
Hyper-V,  148, 738,4480, 248,15702, 930, 850
Hyper-V,  148, 734,4506, 246,15638, 928, 848
Hyper-V,  148, 690,4806, 254,15576, 922, 852
Hyper-V,  148, 716,4500, 246,15700, 954, 846
Hyper-V,  148, 750,4488, 248,15772,1024, 846
Hyper-V,  148, 714,4488, 254,15690,1368, 858
Hyper-V,  148, 646,4504, 248,15726, 914, 850
Hyper-V,  148, 652,4506, 248,15786, 908, 856
Hyper-V,  148,1138,4474, 246,16218,1024, 852
Hyper-V,  148, 714,4492, 250,15700, 900, 850
Hyper-V,  148, 652,4496, 246,15744, 928, 852
Hyper-V,  148, 742,4494, 252,15676, 922, 850
Hyper-V,  148, 628,4516, 250,16006, 904, 848
Hyper-V,  148, 678,4510, 246,15712,1354, 846
Hyper-V,  146, 672,4494, 248,15624, 904, 848
Hyper-V,  148, 776,4496, 246,15592, 904, 850
Hyper-V,  148, 726,4484, 246,15602, 904, 856
Hyper-V,  148, 702,4510, 250,15674, 908, 850
Hyper-V,  148, 712,4494, 246,15616, 914, 854
Hyper-V,  148, 676,4484, 244,15638, 904, 854
Hyper-V,  148, 654,4482, 246,15658, 828, 856
Hyper-V,  148, 678,4478, 250,15708, 908, 850
Hyper-V,  148, 658,35600, 554,44092,1080, 846
Hyper-V,  148, 702,4522, 246,15672, 936, 848
Hyper-V,  148, 660,4506, 246,15682, 900, 848
Hyper-V,  148, 608,4552, 246,15622, 904, 848
Hyper-V,  148, 714,4500, 246,15682,1146, 854
Hyper-V,  148, 892,4486, 246,15622, 900, 852
Hyper-V,  148, 648,4482, 252,15690,1014, 850
Hyper-V,  148, 902,4480, 246,15638, 938, 848
Hyper-V,  146, 682,4572, 246,15700, 938, 848
Hyper-V,  148, 758,4468, 246,15576, 918, 856
Hyper-V,  148,1066,4486, 252,16172,1366, 852
Hyper-V,  148, 622,4634, 248,15634,1054, 850
Hyper-V,  148, 692,4494, 248,15702,1044, 844
Hyper-V,  148, 700,4512, 246,15726, 990, 844
Hyper-V,  148, 696,4504, 250,15730,1204, 848
Hyper-V,  148, 728,4496, 248,15744,1014, 850
Hyper-V,  148, 692,4484, 252,15722,1000, 844
Hyper-V,  148, 674,4482, 250,15652, 916, 854
Hyper-V,  148, 708,4494, 254,15636,1360, 850
Hyper-V,  148, 622,4488, 248,15734, 964, 846
Hyper-V,  148, 724,4490, 248,15756, 988, 852
Hyper-V,  148, 670,4488, 246,15702,1024, 858
Hyper-V,  148, 766,4492, 254,15684,1020, 858
Hyper-V,  148, 766,4482, 248,15686, 910, 850
Hyper-V,  148, 708,4494, 252,15806,1022, 846
Hyper-V,  148, 686,4522, 246,15662,1044, 854
Hyper-V,  148, 720,4496, 252,15708, 990, 852
Hyper-V,  148, 762,4494, 246,15652, 918, 854
Hyper-V,  148, 640,4484, 248,15718, 998, 844
Hyper-V,  148, 802,4480, 246,15612, 988, 846
Hyper-V,  148, 680,4482, 246,15730,1170, 850
Hyper-V,  148, 694,4484, 246,15704, 914, 852
Hyper-V,  148, 730,4482, 248,15708,1014, 850
Hyper-V,  148, 638,4472, 252,15638, 994, 858
Hyper-V,  148, 704,4506, 248,15714,1008, 850
Hyper-V,  148, 660,4486, 248,15702, 918, 856
Hyper-V,  148, 692,4494, 248,15756,1038, 850
Hyper-V,  148, 716,4474, 248,15630, 910, 850
Hyper-V,  148, 656,4496, 248,15748, 930, 852
Hyper-V,  148, 714,4504, 248,15612,1000, 844
Hyper-V,  148, 706,4480, 246,15700,1016, 848
Hyper-V,  148, 706,4478, 248,15590, 998, 856
Hyper-V,  148, 678,4512, 250,16042, 944, 844
Hyper-V,  148, 722,4492, 246,15688, 904, 852
Hyper-V,  148, 780,4476, 246,15658, 904, 852
Hyper-V,  148, 660,4484, 246,15670,1158, 850
Hyper-V,  148, 642,4506, 246,15764, 970, 862
Hyper-V,  148, 706,4486, 252,15686, 918, 842
Hyper-V,  148, 716,4496, 248,15752, 922, 850
Hyper-V,  148, 684,4492, 252,15664, 950, 850
Hyper-V,  148, 718,4490, 254,15708, 900, 844
Hyper-V,  148, 702,4580, 246,15650, 904, 854
Hyper-V,  148, 676,4994, 250,15594, 938, 860
Hyper-V,  148, 704,4486, 246,15646, 910, 848
Hyper-V,  148, 696,4492, 246,15602, 924, 848
Hyper-V,  148, 998,4526, 248,15646, 904, 850
Hyper-V,  148, 830,4492, 248,15622, 918, 846
Hyper-V,  134, 680,4542, 242,15642, 836, 854
Hyper-V,  148, 656,4522, 250,15670, 832, 848
Hyper-V,  148, 706,4530, 248,15582,1408, 850
Hyper-V,  148, 686,4516, 246,16054, 938, 852
Hyper-V,  334, 846,9952,26074,15672,1024, 844
Hyper-V,  148, 728,4488, 246,15650, 964, 848
Hyper-V,  148, 808,4540, 248,15726,1024, 852
Hyper-V,  148, 704,4522, 252,15662,1364, 852
Hyper-V,  146, 640,4494, 250,15588, 938, 848
Hyper-V,  148, 664,4496, 244,15672, 906, 850
Hyper-V,  148, 846,4514, 250,15940,1064, 852
Hyper-V,  148, 702,4492, 246,15676,1382, 848
Hyper-V,  148, 698,4490, 252,16326, 918, 846
Hyper-V,  148, 684,4478, 246,15768,1374, 850
Hyper-V,  148, 744,4476, 252,15648, 918, 858
Hyper-V,  148, 808,4500, 252,15676,1374, 848
Hyper-V,  148, 726,4488, 246,15818,1086, 846
Hyper-V,  148, 668,4486, 246,15618,1374, 844
Hyper-V,  148, 652,4498, 250,15654, 904, 850
Hyper-V,  148, 672,4506, 252,15614,1354, 850
Hyper-V,  148,1202,4508, 246,15658, 894, 848
Hyper-V,  148, 880,4496, 248,15680,1362, 852
Hyper-V,  148, 644,4506, 248,15712, 914, 854
Hyper-V,  148, 728,4492, 246,15730,1358, 860
Hyper-V,  148, 682,4494, 246,15826,1030, 846
Hyper-V,  148, 668,4498, 250,15656,1394, 848
Hyper-V,  148, 700,4482, 252,15588, 974, 850
Hyper-V,  148, 670,4486, 250,15716,1952, 848
Hyper-V,  148, 700,4484, 246,15734, 922, 852
Hyper-V,  148,1080,4498, 248,15756,1358, 850
Hyper-V,  148, 660,4476, 246,16168,1050, 846
Hyper-V,  148, 720,4484, 246,15864,1360, 842
Hyper-V,  148, 712,4498, 250,15644, 914, 852
Hyper-V,  148, 642,4498, 244,15672, 904, 856
Hyper-V,  148, 698,4490, 248,15654, 910, 856
Hyper-V,  148, 690,4486, 248,15712, 924, 846
Hyper-V,  148, 668,4482, 246,15692,1030, 850
Hyper-V,  148, 694,4492, 248,15732, 928, 854
Hyper-V,  146, 720,4500, 246,15746,1002, 856
Hyper-V,  148, 680,4474, 246,15982,1050, 842
Hyper-V,  148, 696,4486, 250,15624, 920, 846
Hyper-V,  148, 646,4504, 250,15928,1078, 852
Hyper-V,  148, 708,4516, 250,15666,1080, 852
Hyper-V,  148, 720,4484, 246,16216,1034, 856
Hyper-V,  148, 702,4484, 246,15686,1368, 862
Hyper-V,  148, 660,4486, 252,16124, 914, 852
Hyper-V,  148, 638,4492, 250,15636,1004, 850
Hyper-V,  148, 696,4478, 246,15600, 904, 848
Hyper-V,  148, 752,4490, 248,15642, 908, 848
Hyper-V,  148, 722,4494, 252,15644, 918, 848
Hyper-V,  148, 684,4566, 246,15740, 960, 854
Hyper-V,  148, 690,4500, 246,15704, 914, 856
Hyper-V,  148, 706,4474, 248,15604, 930, 854
Hyper-V,  148, 752,4490, 248,15878, 922, 854
Hyper-V,  148, 648,4520, 250,15648, 910, 858
Hyper-V,  146, 682,4484, 250,15808,1088, 852
Hyper-V,  148, 722,4478, 246,15762, 922, 852
Hyper-V,  148, 756,4482, 246,15704,1086, 850
Hyper-V,  148, 976,4506, 246,15646, 948, 854
Hyper-V,  150, 744,4484, 252,15674,1360, 846
Hyper-V,  148, 692,4510, 248,15646, 924, 848
Hyper-V,  148, 664,4502, 250,16034, 926, 848
Hyper-V,  148, 704,4496, 246,15930,1388, 856
Hyper-V,  148,1252,4490, 246,15996, 904, 856
Hyper-V,  148, 678,4484, 246,15958,1380, 844
Hyper-V,  148, 798,4482, 246,15768,1090, 856
Hyper-V,  148, 696,4482, 250,15602,1358, 858
Hyper-V,  148, 678,4504, 254,15704, 914, 844
Hyper-V,  148, 728,4482, 250,15856, 922, 846
Hyper-V,  148, 998,4516, 252,16054,1128, 854
Hyper-V,  148, 652,4474, 248,16042,1160, 848
Hyper-V,  148, 714,4496, 250,15672, 938, 844
Hyper-V,  148,26608,10454, 556,44388, 908, 848
Hyper-V,  134, 692,5818, 234,17106, 834, 844
Hyper-V,  134,1030,6344, 232,17942, 834, 858
Hyper-V,  134, 778,5664, 232,17074, 834, 854
Hyper-V,  134, 698,5194, 232,16202, 832, 854
Hyper-V,  148, 608,4536, 254,15654, 838, 852
Hyper-V,  148, 888,4504, 250,15600,1140, 842
Hyper-V,  148, 700,4492, 248,15676, 920, 852
Hyper-V,  148, 660,4528, 246,15972, 938, 844
Hyper-V,  148, 804,4482, 248,15602, 924, 852
Hyper-V,  148, 654,4508, 246,15628, 930, 850
Hyper-V,  148, 690,4504, 246,15680, 938, 852
Hyper-V,  150, 704,4490, 252,15630, 930, 854
Hyper-V,  148, 686,4542, 248,15688,1030, 846
Hyper-V,  334, 904,9922,26362,15638,1120, 850
Hyper-V,  148, 706,4506, 246,15628,1000, 850
Hyper-V,  148, 670,4498, 246,15630, 910, 846
Hyper-V,  148, 706,4506, 246,15624, 900, 846
Hyper-V,  148, 690,4498, 246,15592, 934, 854
Hyper-V,  148, 670,4504, 246,15624,1014, 852
Hyper-V,  148, 766,4480, 248,15618,1064, 854
Hyper-V,  148, 766,4500, 250,15588, 918, 854
Hyper-V,  148, 686,4502, 250,15590,1122, 846
Hyper-V,  148, 702,4488, 246,15636, 924, 848
Hyper-V,  148, 678,4506, 246,15950, 910, 852
Hyper-V,  148, 700,4484, 250,15686, 908, 848
Hyper-V,  148, 700,4518, 250,15582, 970, 850
Hyper-V,  148, 814,4490, 246,15580, 904, 854
Hyper-V,  148, 722,4520, 246,15648, 944, 850
Hyper-V,  148, 736,4518, 246,15640,1028, 848
Hyper-V,  148, 692,4504, 246,15650, 934, 846
Hyper-V,  148, 714,4504, 246,15654, 914, 844
Hyper-V,  148, 678,4494, 246,15586, 914, 856
Hyper-V,  148, 704,4490, 252,15588, 914, 850
Hyper-V,  148, 666,4494, 248,15822, 904, 844
Hyper-V,  148, 660,4480, 246,15572,1026, 848
Hyper-V,  148, 720,4480, 248,15636, 930, 850
Hyper-V,  148, 736,4482, 248,15602, 934, 846
Hyper-V,  148, 744,4500, 246,15968, 934, 846
Hyper-V,  148, 692,4494, 248,15704, 914, 858
Hyper-V,  148, 648,4514, 250,15934, 938, 844
Hyper-V,  148, 710,4496, 246,15592, 928, 844
Hyper-V,  148, 700,4514, 246,15638, 918, 846
Hyper-V,  134, 638,4836, 232,16104, 844, 860
Hyper-V,  136, 640,4610, 232,15758, 830, 964
Hyper-V,  134, 654,4642, 232,15616, 834, 840
Hyper-V,  148, 768,4534, 250,15892,1044, 844
Hyper-V,  148, 760,4522, 256,15752, 930, 842
Hyper-V,  148, 700,4518, 248,15620,1094, 860
Hyper-V,  148, 722,4510, 246,15620, 910, 850
Hyper-V,  148, 870,4520, 248,15612, 940, 854
Hyper-V,  146, 842,4502, 248,15604, 908, 848
Hyper-V,  148, 664,4562, 246,15684,1032, 852
Hyper-V,  148,1234,4520, 244,15622,1364, 848
Hyper-V,  148, 700,4498, 250,15616, 942, 852
Hyper-V,  148, 734,4516, 250,15632,1034, 846
Hyper-V,  148, 696,4504, 248,15754,1214, 852
Hyper-V,  148, 698,4486, 250,15820, 908, 848
Hyper-V,  148, 698,4474, 248,15652, 954, 842
Hyper-V,  148, 762,4494, 250,15626, 912, 844
Hyper-V,  148, 688,4536, 246,15768,1034, 846
Hyper-V,  148, 712,4552, 250,15976, 914, 850
Hyper-V,  148, 712,4508, 248,15634, 914, 842
Hyper-V,  148, 722,4536, 248,15684,1010, 846
Hyper-V,  148, 720,4498, 248,15656,1070, 848
Hyper-V,  148, 712,4510, 246,15684, 912, 854
Hyper-V,  148, 734,4490, 246,15766, 924, 844
Hyper-V,  148, 730,4550, 246,15758, 928, 844
Hyper-V,  146, 654,4496, 248,15832, 934, 852
Hyper-V,  148, 710,4496, 250,15720, 932, 850
Hyper-V,  148, 714,4510, 250,15746,1136, 846
Hyper-V,  148, 714,4484, 246,15702,1060, 858
Hyper-V,  148, 774,4482, 246,16096, 944, 850
Hyper-V,  148, 748,4648, 246,15670, 938, 852
Hyper-V,  148, 702,4480, 246,15704, 926, 856
Hyper-V,  148, 734,4844, 246,15616,1136, 844
Hyper-V,  148, 704,4478, 248,15670, 922, 848
Hyper-V,  148, 678,4790, 250,15590, 920, 852
Hyper-V,  148, 686,4500, 250,15640, 942, 850
Hyper-V,  148, 654,4494, 252,15626, 920, 850
Hyper-V,  148, 710,4502, 248,15590, 898, 844
Hyper-V,  148, 816,4486, 252,15714, 930, 848
Hyper-V,  148, 684,4522, 246,15834, 906, 852
Hyper-V,  148, 690,4492, 250,15666, 924, 860
Hyper-V,  148, 692,4526, 246,15712, 982, 854
Hyper-V,  148, 734,4498, 246,15688, 940, 844
Hyper-V,  148, 740,4492, 250,15748, 908, 852
Hyper-V,  148, 696,4502, 246,15868, 944, 850
Hyper-V,  148, 784,4496, 246,15664, 918, 852
Hyper-V,  148, 836,4494, 246,15688, 928, 848
Hyper-V,  148, 716,4514, 246,15706,1038, 844
Hyper-V,  148, 736,4506, 254,15788, 920, 848
Hyper-V,  148, 690,4492, 248,15616, 918, 848
Hyper-V,  148, 718,4474, 246,15622, 918, 858
Hyper-V,  148, 762,4498, 248,15652, 930, 848
Hyper-V,  148, 738,4524, 248,15614, 976, 850
Hyper-V,  148, 750,4488, 246,15686,1102, 850
Hyper-V,  148, 714,4506, 248,16040, 928, 850
Hyper-V,  148, 742,4510, 250,15638, 922, 852
Hyper-V,  148, 672,4494, 252,15832, 934, 852
Hyper-V,  148, 716,4516, 246,15614, 928, 842
Hyper-V,  148, 802,4512, 250,15844, 938, 852
Hyper-V,  148, 702,4558, 248,15668, 964, 850
Hyper-V,  148, 724,4492, 250,15716,1222, 844
Hyper-V,  148, 678,4532, 250,15704, 830, 852
Hyper-V,  148, 712,4524, 248,15722, 836, 848
Hyper-V,  148, 728,4532, 246,16008,1120, 862
Hyper-V,  148, 670,4488, 248,15628, 834, 854
Hyper-V,  148, 726,4540, 250,15842,1080, 844
Hyper-V,  150, 686,4510, 246,15698, 924, 850
Hyper-V,  148, 710,4544, 246,15676,1020, 850
Hyper-V,  148, 652,4508, 254,15620, 830, 856
Hyper-V,  134, 634,4470, 232,15734, 836, 846
Hyper-V,  148,1202,4480, 246,15610, 934, 842
Hyper-V,  148, 690,4478, 248,15582, 910, 858
Hyper-V,  146, 756,4498, 246,15700, 914, 852
Hyper-V,  148, 666,4510, 248,15670, 938, 844
Hyper-V,  148, 742,4490, 254,15676,1402, 850
Hyper-V,  148, 694,4510, 246,15672, 938, 850
Hyper-V,  148,1078,4502, 248,15700, 918, 848
Hyper-V,  148, 796,4508, 246,15734, 922, 856
Hyper-V,  148, 678,4512, 246,15866, 908, 848
Hyper-V,  148, 780,4474, 246,15676, 930, 846
Hyper-V,  148, 710,4488, 256,15712, 918, 842
Hyper-V,  148, 674,4520, 246,16054, 920, 852
Hyper-V,  148, 740,4700, 248,15560, 952, 844
Hyper-V,  148, 714,4510, 246,15600, 984, 850
Hyper-V,  148, 720,4500, 246,15702, 836, 856
Hyper-V,  148, 638,4674, 250,15624, 830, 854
Hyper-V,  148, 734,4508, 250,15700,1078, 852
Hyper-V,  148, 764,4552, 246,15628, 936, 852
Hyper-V,  148, 710,4524, 250,15576, 834, 852
Hyper-V,  148, 704,4510, 246,15682,1058, 852
Hyper-V,  148, 716,4510, 246,15606, 936, 862
Hyper-V,  148, 720,4514, 248,15608, 902, 848
Hyper-V,  148, 758,4530, 248,15604, 952, 848
Hyper-V,  148, 746,4506, 248,15720, 924, 852
Hyper-V,  148, 720,4528, 246,15604, 924, 854
Hyper-V,  148, 718,4564, 250,15630, 916, 856
Hyper-V,  148,1246,4526, 248,15628, 944, 852
Hyper-V,  148, 712,4518, 246,15628, 936, 850
Hyper-V,  148, 636,4524, 246,15622, 908, 854
Hyper-V,  148, 702,4508, 246,15666, 940, 844
Hyper-V,  148, 738,4514, 250,15748, 910, 848
Hyper-V,  148, 724,4510, 248,15676, 960, 848
Hyper-V,  148, 708,4506, 248,15714, 940, 850
Hyper-V,  148, 718,4518, 250,15700, 922, 852
Hyper-V,  148, 770,4510, 248,16028, 920, 852
Hyper-V,  148, 672,4508, 246,15740, 960, 850
Hyper-V,  148, 692,4506, 246,15678, 904, 850
Hyper-V,  148, 708,4520, 248,15646, 940, 850
Hyper-V,  146, 742,4532, 252,15590, 910, 852
Hyper-V,  148, 744,4510, 246,15720, 918, 856
Hyper-V,  148, 686,4524, 246,15732, 914, 856
Hyper-V,  148, 710,4504, 246,15696, 934, 856
Hyper-V,  148, 690,4524, 250,15688, 924, 846
Hyper-V,  148, 718,4496, 250,15694, 918, 846
Hyper-V,  148, 668,4502, 246,15736, 934, 852
Hyper-V,  148, 732,4500, 246,15664, 920, 844
Hyper-V,  148, 690,4512, 250,15682, 908, 848
Hyper-V,  148, 986,4508, 248,15760, 908, 854
Hyper-V,  148, 798,4510, 250,15678, 910, 850
Hyper-V,  146, 734,4486, 250,15688, 910, 856
Hyper-V,  148, 780,4494, 250,15718, 920, 844
Hyper-V,  148, 748,4502, 248,15708, 938, 884
Hyper-V,  148, 762,4510, 250,15646, 944, 850
Hyper-V,  148, 726,4514, 246,15776, 920, 850
Hyper-V,  148, 724,4506, 248,15676, 990, 856
Hyper-V,  148, 694,4480, 248,15682, 908, 854
Hyper-V,  148, 774,4506, 248,15662, 908, 852
Hyper-V,  148, 714,4494, 246,15668, 910, 844
Hyper-V,  148, 706,4496, 248,15966, 908, 850
Hyper-V,  148, 674,4478, 254,15672, 908, 850
Hyper-V,  148,1024,4498, 248,15568,1014, 858
Hyper-V,  148, 710,4498, 246,15598, 902, 848
Hyper-V,  148, 714,4500, 246,15602, 912, 860
Hyper-V,  148, 724,4486, 250,15658, 920, 856
Hyper-V,  148, 740,4494, 246,15696, 960, 848
Hyper-V,  148, 732,4514, 246,15656, 910, 840
Hyper-V,  148, 748,4500, 246,15724, 920, 846
Hyper-V,  148, 682,4514, 248,15696,1010, 846
Hyper-V,  148, 734,4492, 248,15686,1388, 844
Hyper-V,  148, 734,4510, 250,15732, 904, 850
Hyper-V,  148, 734,4498, 250,15662, 918, 858
Hyper-V,  148, 714,4512, 258,15632, 920, 848
Hyper-V,  148,1010,4480, 256,15690, 908, 856
Hyper-V,  332, 900,35222, 248,15682, 974, 854
Hyper-V,  148, 758,4508, 248,15678, 994, 848
Hyper-V,  148, 740,4498, 248,15626, 942, 844
Hyper-V,  148, 730,4500, 248,15702, 914, 852
Hyper-V,  148, 764,4500, 250,15606, 924, 854
Hyper-V,  148, 732,4510, 246,15634, 908, 860
Hyper-V,  146, 694,4478, 248,15570, 948, 846
Hyper-V,  148, 726,4558, 250,15608, 918, 846
Hyper-V,  148, 736,4500, 246,15598, 936, 848
Hyper-V,  148, 696,4498, 250,15554, 936, 840
Hyper-V,  148, 740,4530, 248,15666, 908, 842
Hyper-V,  148, 658,4498, 250,15726, 918, 846
Hyper-V,  148, 734,4504, 250,15710, 920, 850
Hyper-V,  148, 780,4510, 246,15678, 920, 846
Hyper-V,  148, 732,4494, 246,15838, 964, 844
Hyper-V,  148, 704,4502, 246,16032, 944, 850
Hyper-V,  334, 836,33120, 248,15616, 958, 850
Hyper-V,  148, 688,4512, 246,15794, 938, 844
Hyper-V,  146, 686,4502, 248,15740, 920, 852
Hyper-V,  148, 682,4510, 246,15682, 916, 844
Hyper-V,  148, 762,4498, 250,15686, 914, 844
Hyper-V,  148, 664,4516, 248,15652, 914, 852
Hyper-V,  148,1020,4498, 250,16152, 912, 848
Hyper-V,  148, 736,4522, 248,15766,1164, 846
Hyper-V,  148,1150,4508, 250,15594, 934, 854
Hyper-V,  134, 988,4540, 234,15588, 910, 856
Hyper-V,  148, 640,4498, 248,15614, 834, 854
Hyper-V,  148, 678,4534, 252,15642, 834, 854
Hyper-V,  146, 726,4516, 246,15610,1112, 848
Hyper-V,  148, 728,4536, 246,15678, 898, 852
Hyper-V,  148, 654,4514, 246,15636, 914, 848
Hyper-V,  148, 716,4518, 250,15838, 908, 850
Hyper-V,  148, 648,4514, 248,15622, 940, 854
Hyper-V,  148, 646,4510, 248,15576, 904, 852
Hyper-V,  148, 766,4504, 248,15722, 902, 852
Hyper-V,  148, 710,4508, 246,15610, 962, 842
Hyper-V,  148, 668,4548, 246,15600, 838, 850
Hyper-V,  148, 804,4510, 248,15570, 934, 850
Hyper-V,  148, 754,4502, 248,15792,1100, 846
Hyper-V,  148, 686,4502, 250,15624, 910, 850
Hyper-V,  148, 852,4516, 248,15650, 918, 844
Hyper-V,  148, 704,4522, 250,15644, 830, 848
Hyper-V,  148, 682,4510, 246,15644, 936, 852
Hyper-V,  148, 648,4512, 246,15934, 902, 850
Hyper-V,  148, 670,4572, 250,15588, 832, 858
Hyper-V,  148, 646,4518, 250,1